{"cameraMode":{"drawMode":0,"name":"Shaded","section":"Shading Mode"},"sceneLighting":false,"audioPlay":false,"sceneViewState":{"showFog":true,"showMaterialUpdate":false,"showSkybox":false,"showFlares":true,"showImageEffects":true,"showParticleSystems":true},"in2DMode":false,"pivot":{"x":159.36000061035157,"y":37.83000183105469,"z":0.0},"rotation":{"x":-0.023997286334633828,"y":-0.005998255684971809,"z":-0.0001439792540622875,"w":0.9996944069862366},"size":0.8660253882408142,"orthographic":true}