{"cameraMode":{"drawMode":0,"name":"Shaded","section":"Shading Mode"},"sceneLighting":false,"audioPlay":false,"sceneViewState":{"showFog":true,"showMaterialUpdate":false,"showSkybox":false,"showFlares":true,"showImageEffects":true,"showParticleSystems":true},"in2DMode":false,"pivot":{"x":83.83499908447266,"y":9.210000991821289,"z":0.0},"rotation":{"x":-0.000026998533940059133,"y":0.9998370409011841,"z":-0.017999012023210527,"w":-0.0014997569378465415},"size":37.583457946777347,"orthographic":true}