{"cameraMode":{"drawMode":0,"name":"Shaded","section":"Shading Mode"},"sceneLighting":true,"audioPlay":false,"sceneViewState":{"showFog":true,"showMaterialUpdate":false,"showSkybox":true,"showFlares":true,"showImageEffects":true,"showParticleSystems":true},"in2DMode":false,"pivot":{"x":133.70999145507813,"y":35.67000198364258,"z":0.0},"rotation":{"x":-0.000026998533940059133,"y":0.9998370409011841,"z":-0.017999012023210527,"w":-0.0014997569378465415},"size":13.298810958862305,"orthographic":true}