{"cameraMode":{"drawMode":0,"name":"Shaded","section":"Shading Mode"},"sceneLighting":false,"audioPlay":false,"sceneViewState":{"showFog":true,"showMaterialUpdate":false,"showSkybox":false,"showFlares":true,"showImageEffects":true,"showParticleSystems":true},"in2DMode":false,"pivot":{"x":3.725290298461914e-8,"y":0.2739640772342682,"z":-1.1175870895385743e-8},"rotation":{"x":-0.17900794744491578,"y":-0.18560101091861726,"z":0.03440890088677406,"w":-0.965571403503418},"size":0.28681108355522158,"orthographic":false}