{"cameraMode":{"drawMode":0,"name":"Shaded","section":"Shading Mode"},"sceneLighting":false,"audioPlay":false,"sceneViewState":{"showFog":true,"showMaterialUpdate":false,"showSkybox":false,"showFlares":true,"showImageEffects":true,"showParticleSystems":true},"in2DMode":false,"pivot":{"x":2.9802322387695315e-8,"y":0.23226138949394227,"z":-7.450580596923828e-9},"rotation":{"x":0.016459982842206956,"y":0.06893590837717056,"z":-0.0011374966707080603,"w":0.9974858164787293},"size":0.7545202970504761,"orthographic":true}