{"cameraMode":{"drawMode":0,"name":"Shaded","section":"Shading Mode"},"sceneLighting":false,"audioPlay":false,"sceneViewState":{"showFog":true,"showMaterialUpdate":false,"showSkybox":false,"showFlares":true,"showImageEffects":true,"showParticleSystems":true},"in2DMode":false,"pivot":{"x":118.09613037109375,"y":-21.299999237060548,"z":0.0},"rotation":{"x":0.016415992751717569,"y":0.1003173440694809,"z":-0.0016553363529965282,"w":0.9948199391365051},"size":2.1645758152008058,"orthographic":true}